ID,Question,Expected,Answer,Similarity,Natural,Sufficient,Concise,ProcessingTime
1,"고산 정수장 시스템 사용자 설명서의 발주기관과 사업명은 무엇인가요?","","고산 정수장 시스템 사용자 설명서의 발주기관은 에셈블 컨소시엄입니다. 사업명은 금강유역(남부) 스마트 정수장 확대구축 용역입니다.",0.000,True,True,True,9.70
2,"이 시스템 사용자 설명서의 발행일은 언제이며, 어떤 컨소시엄에서 작성했나요?","","이 시스템 사용자 설명서는 에셈블 컨소시엄에서 작성했으며, 문서의 정확한 발행일은 명시되지 않았습니다.",0.000,False,True,True,16.31
3,"이 시스템 사용자 설명서의 주요 목적은 무엇인가요?","","이 시스템 사용자 설명서의 주요 목적은 스마트 정수장 AI 플랫폼을 사용하여 정수장 운영을 자동화하고 최적화하는 데 필요한 정보와 기능을 제공하는 것입니다. 문서는 시스템의 구성, 기능, 사용 방법, 및 운영 모니터링에 대한 세부적인 내용을 포함합니다.",0.000,False,True,True,17.80
4,"AI 플랫폼 대시보드에 접속하기 위한 주소(URL)는 무엇인가요?","","AI 플랫폼 대시보드 접속 주소는 httpwaio-portal-vip10011입니다.",0.000,True,True,True,10.39
5,"AI 플랫폼에 로그인할 때 사용할 수 있는 기본 관리자 계정의 아이디와 비밀번호는 무엇인가요?","","AI 플랫폼에 로그인할 때 사용할 수 있는 기본 관리자 계정의 아이디와 비밀번호는 KWATERKWATER입니다. 이 아이디와 비밀번호를 사용하여 로그인을 할 수 있습니다. 관리자 아이디와 비밀번호는 지사(관리자)에게 문의하여 주시기를 바랍니다.",0.000,True,True,True,10.53
6,"AI 플랫폼의 자율 운영 대시보드는 크게 몇 가지 영역으로 나누어지나요?","","자율 운영 대시보드는 크게 4가지 영역으로 나누어집니다. 상단 영역, 좌측 사이드바 영역, 중앙 콘텐츠 영역, 우측 메뉴 영역입니다.",0.000,True,True,True,7.27
7,"착수 공정에서 AI 모델은 어떤 목표 수위를 결정하고 원수 유입 밸브 개도율을 예측하기 위해 활용되나요?","","착수 공정에서 AI 모델은 정수 수요량과 정수지 수위를 참고하여 원수 유입량을 조절하고, 원수 유입 밸브를 통해 원수 유입량을 조절하는 역할을 수행합니다. 또한, AI 모델은 정수지 수위밴드 생성과 AI 예측으로 구성되어 있으며, 과거 데이터, 정수지 수위, 유출 유량, 원수 유입 유량을 활용하여 밸브 개도율을 예측합니다. AI 모델의 목표 수위를 결정하는 알고리즘은 데이터 구조화와 데이터 특성에 따른 알고리즘 선택에 따라 달라집니다. 또한, 최종 전처리기법 선정은 진행한 전처리기법 (IQR, Z-Score, 시계열 분해 후 IQRZ-score 등)으로 결정됩니다. AI 모델은 정수지 수위밴드 생성과 AI 예측을 통해 원수 유입 밸브 개도율을 예측하고, 이를 통해 정수처리 공정의 안정적 운영을 지원합니다.",0.000,True,True,True,27.80
8,"착수 공정의 유입 밸브 개도 예측 알고리즘 선정 시 고려 사항은 무엇인가요?","","착수 공정의 유입 밸브 개도 예측 알고리즘 선정 시 고려 사항은 제어 임계치 설정, 채터링 방지 설정, 제어 스텝 설정, 1지, 2지 군집 유량 분배를 고려합니다.",0.000,True,True,True,10.57
9,"착수 공정의 AI 운영 모드 중 '분석' 모드의 특징은 무엇인가요?","","문서에서 분석 모드의 특징에 대한 정보를 찾을 수 없습니다.",0.000,False,True,True,9.56
10,"약품 공정 AI 모델의 입력변수로 사용되는 원수 수질 인자들은 무엇인가요?","","원수 수질 인자로는 원수 알칼리도, pH, 온도, 전기전도도, 탁도가 사용됩니다.",0.000,True,True,True,9.99
11,"약품 공정에서 응집제 주입률 예측 모델로 최종 선정된 모델과 그 선정 사유는 무엇인가요?","","응집제 주입률 예측 모델로 최종 선정된 모델은 N-beats입니다. 그 이유는 회귀모델 성능평가에 따른 비교에서 N-beats의 R² Score 결괏값이 더 좋게 나왔기 때문입니다.",0.000,True,True,True,10.32
12,"혼화응집 공정 AI의 목표는 무엇이며, 어떤 값을 산출하는 것인가요?","","혼화응집 공정 AI의 목표는 데이터 업데이트 주기, 예측 주기, 제어주기를 확인할 수 있습니다. 또한, 혼화 응집 공정 AI 플랫폼은 UI 기능으로 17번에 대한 각각의 내용을 확인할 수 있습니다. 혼화응집 공정 AI는 산출식 RPM 평균값을 산출합니다.",0.000,True,True,True,10.41
13,"침전 공정 AI 모델의 초기 입력변수는 무엇인가요?","","침전 공정 AI 모델의 초기 입력변수는 원수 탁도, 유입 총 유량, 응집제 주입률, NaOH 주입률, 활성탄 투입률 등을 사용합니다.",0.000,True,True,True,9.80
14,"슬러지 발생량과 가장 높은 양의 상관관계를 보이는 변수는 무엇이며, 그 상관계수는 얼마인가요?","","원수 탁도와 슬러지 발생량의 상관계수는 0.72로 높은 양의 상관관계를 가집니다. 또한, 응집제 주입률과 슬러지 발생량의 상관계수도 0.7로 높은 양의 상관관계를 가집니다.",0.000,True,True,True,9.27
15,"여과 공정 AI 모델의 목표는 무엇인가요?","","여과 공정 AI 모델의 목표는 AI를 이용하여 체류시간 내 잔류염소 예측, 잔류염소 농도 유지를 위한 투입량 예측, 전차염 주입량 결정입니다. 여과 공정은 여과 공정 제어 알람과 팝업 설명으로 비상시 1번 항목에서 AI - AI 추천 등으로 모드를 변경할 수 있습니다. 여과 공정의 목표는 문서 5에 나와 있습니다.",0.000,False,True,True,16.20
16,"여과 공정의 운영 지수 및 여과지 수위 예측 모델로 선정된 모델과 선정 사유는 무엇인가요?","","여과 공정의 운영 지수 및 여과지 수위 예측 모델로 선정된 모델은 LSTM(Long Short-Term Memory Network)입니다. 선정 사유는 모델 성능(R²)이 가장 높고, 훈련 안정성, 자연어 처리 작업과 시퀀스 예측 작업에서 높은 성능을 보이며 시계열 데이터 모델링에 적합하기 때문입니다.",0.000,True,True,True,13.57
17,"소독 공정 AI 모델의 목표는 무엇인가요?","","소독 공정 AI 모델의 목표는 체류시간 내 잔류염소 예측, 잔류염소 농도 유지를 위한 투입량 예측, 전차염 주입량 결정입니다. 소독 공정에서 AI를 이용하여 체류시간 내 잔류염소의 예측과 잔류염소 농도의 유지에 필요한 투입량을 예측하고, 전차염의 주입량을 결정하는 것이 목표입니다. 소독 공정, AI 모델, 잔류염소 예측, 투입량 예측, 전차염 주입량 결정",0.000,True,True,True,16.99
18,"소독 공정 전차염 주입률 예측 모델의 성능평가 결과, R² 값은 얼마인가요?","","문서 2에 따르면, 소독 공정 전차염 주입률 예측 모델의 성능평가 결과에서 R² 값은 0.972951입니다.",0.000,False,True,True,15.79
19,"착수 공정에서 AI 제어 알람 발생 시 비상시에 운영 모드를 어떻게 변경할 수 있나요?","","착수 공정에서 AI 제어 알람 발생 시 비상시에 운영 모드를 변경하는 방법은 문서 5에 나와 있습니다. 여과 공정 제어 알람과 팝업 설명에 따라, 비상시 1번 항목에서 AI - AI 추천 등으로 모드를 변경할 수 있습니다.",0.000,False,True,True,11.30
20,"EMS 대시보드에서 전력 소비현황과 탄소 절감 현황은 어떤 단위로 표시되나요?","","EMS 대시보드에서 전력 소비현황과 탄소 절감 현황은 kWh와 kg 단위로 표시됩니다.",0.000,True,True,True,8.41
21,"EMS의 송수 펌프 세부 현황에서 '자동 모드'와 '부분 모드'의 차이점은 무엇인가요?","","문서에서 EMS의 송수 펌프 세부 현황에 대한 정보를 찾을 수 없습니다. 그러나 문서 5에는 EMS 송수 펌프 최적 펌프제어 Flow chart가 포함되어 있습니다. 이 Flow chart는 송수 펌프 제어와 관련된 내용을 설명하고 있지만, 자동 모드와 부분 모드의 차이점에 대한 정보는 없습니다. 문서에서 EMS의 송수 펌프 세부 현황에 대한 자세한 정보를 찾을 수 없으므로, 정확한 답변을 제공할 수 없습니다.",0.000,False,True,True,28.47
22,"PMS 대시보드에서 펌프 모터의 자율 진단 기능은 어떤 정보를 표시하나요?","","PMS 대시보드에서 펌프 모터의 자율 진단 기능은 펌프 세부 진동 값 및 온도 값을 표시합니다.",0.000,True,True,True,13.42
23,"PMS 송수 펌프 모터 상세 정보 화면에서 선택한 펌프별로 확인할 수 있는 펌프 및 모터의 결함 정보는 무엇인가요?","","PMS 송수 펌프 모터 상세 정보 화면에서 선택한 펌프별로 확인할 수 있는 펌프 및 모터의 결함 정보는 펌프 동작 여부, 펌프 부하, 반부하, 모터 부하, 반부하 값입니다.",0.000,True,True,True,13.87
24,"iRDC(iWater Real-time Data Center) 프로그램의 시스템 요구사항 중 최소 OS와 권장 OS는 무엇인가요?","","iRDC(iWater Real-time Data Center) 프로그램의 시스템 요구사항 중 최소 OS는 Windows 732bit, Windows Server 2008 Std 32bit입니다. 권장 OS도 동일합니다.",0.000,True,True,True,11.32
25,"iRDC 프로그램의 이중화 구성은 어떤 구조로 이루어져 있나요?","","iRDC 프로그램의 이중화 구성은 Active-Standby 구조로 이루어져 있습니다. 즉, 하나의 서버가 Active 상태로 작동하고 다른 서버가 Stand-By 상태로 대기하는 구조입니다. 이중화 대상 서버 IP와 포트를 입력 후 Run 버튼을 클릭하면 이중화 실행이 가능합니다.",0.000,True,True,True,11.83
26,"AI 플랫폼 서버에서 Docker 컨테이너의 서비스 상태를 확인하는 명령어는 무엇인가요?","","AI 플랫폼 서버에서 Docker 컨테이너의 서비스 상태를 확인하는 명령어는 다음과 같습니다. ① 공정별 알고리즘 컨테이너 서비스의 상태 확인 명령어 자율 운영 착수 docker ps --filter nameDGSWGC_AOS_B_001 자율 운영 약품 docker ps --filter nameDGSWGC_AOS_C_001 자율 운영 혼화응집 docker ps --filter nameDGSWGC_AOS_D_001 ② Docker 서비스의 상태 확인 명령어 systemctl status docker ③ 공정별 알고리즘 컨테이너 서비스 중지 명령어 docker stop DGSWGC_AOS_B_001, docker stop DGSWGC_AOS_C_001, docker stop DGSWGC_AOS_D_001",0.000,True,True,True,20.31
27,"AI 플랫폼 서버에서 MariaDB 재시작 후 갈레라 클러스터 동기화 장애 발생 시 재기동 순서는 어떻게 되나요?","","AI 플랫폼 서버 2의 MariaDB 서비스가 정상적으로 가동된 후, AI 플랫폼 서버 1을 재기동 해야 합니다.",0.000,True,True,True,5.51
28,"탄소중립 모니터링 시스템의 주요 기능은 무엇인가요?","","탄소중립 모니터링 시스템의 주요 기능은 정수장에서 발생하는 탄소 배출량절감량을 일, 월, 연도별로 모니터링하여 배출 현황을 정확히 파악하고 분석할 수 있습니다. 또한, 정수장 운영 과정에서 발생하는 에너지 소비와 탄소 배출을 관리하여 운영 효율성을 향상시키고 비용을 절감할 수 있습니다. 탄소중립 모니터링 시스템은 실시간 데이터 대시보드를 제공하며, 상단 바에 현재 시각과 정수장 별 타이틀을 표시합니다. 에너지 소비량과 에너지 절감량을 전일-금일전월-금월연간 누계로 표시하며, 태양광 및 EMS 에 대한 전일-금일, 전월-금월, 연간 생산 데이터를 표시합니다. 탄소중립 모니터링 시스템은 현재 고산 정수장에서 1시간 주기로 데이터를 수집하여 사용자에게 실시간으로 제공하고 있습니다.",0.000,True,True,True,27.14
29,"탄소중립 모니터링에서 '오늘 탄소저감량'과 '오늘 탄소배출량'은 각각 어떻게 계산되나요?","","탄소중립 모니터링에서 오늘 탄소저감량은 20 전력 탄소 계수로, 오늘 탄소배출량은 2 전력 탄소 계수입니다. 문서에서는 전력 탄소 계수를 직접적으로 언급하지 않지만, 관련된 정보는 없습니다.",0.000,False,True,True,9.56
30,"AI 플랫폼 화면에 'Nan'이 표시되는 증상의 원인과 해결 방법은 무엇인가요?","","AI 플랫폼 화면에 Nan이 표시되는 증상의 원인은 디스크 용량이 초과하였습니다. 해결 방법은 SCADA 서버가 정상 동작하고 있는지 점검합니다. 만약 정상이라면, iRDC, Kafka, 플랫폼 서버를 점검 및 조치해야 합니다.",0.000,True,True,True,14.04
